{
    "dr_qwk_mean":  0.902763928794109,
    "dr_acc_mean":  0.78666666666666663,
    "dr_precision_macro_mean":  0.73477639363088587,
    "me_qwk_mean":  0.83732321082589822,
    "me_acc_mean":  0.91749999999999987,
    "me_precision_macro_mean":  0.78562187027913188
}
