"fold","dr_qwk","dr_acc","dr_precision_macro","me_qwk","me_acc","me_precision_macro"
"0","0.921016730092626","0.820833333333333","0.785947251673058","0.778470626846078","0.9125","0.734367971210077"
"1","0.919276270006959","0.816666666666667","0.764848920250815","0.87468671679198","0.9375","0.820949074074074"
"2","0.889887265533761","0.7625","0.720263916023709","0.870609981515712","0.933333333333333","0.813120567375886"
"3","0.892918332381496","0.7625","0.696035210453284","0.832768361581921","0.883333333333333","0.757317003047553"
"4","0.890721045955703","0.770833333333333","0.706786669753563","0.8300803673938","0.920833333333333","0.802354735688069"
