strategy,task,qwk,recall_per_class,confusion_matrix
raw_softmax,dr,0.902595,"[0.9065934065934066, 0.5163398692810458, 0.6153846153846154, 0.8582677165354331]","[[495, 49, 0, 2], [47, 79, 25, 2], [21, 31, 152, 43], [1, 0, 35, 218]]"
raw_softmax,me,0.838790,"[0.9496919917864476, 0.7866666666666666, 0.7748344370860927]","[[925, 37, 12], [8, 59, 8], [14, 20, 117]]"
ordinal_projection,dr,0.675532,"[0.0, 0.8235294117647058, 0.7813765182186235, 0.46062992125984253]","[[0, 542, 3, 1], [0, 126, 26, 1], [0, 51, 193, 3], [0, 3, 134, 117]]"
ordinal_projection,me,0.223700,"[0.014373716632443531, 0.9866666666666667, 0.5695364238410596]","[[14, 957, 3], [0, 74, 1], [0, 65, 86]]"
middle_class_guard,dr,0.675532,"[0.0, 0.8235294117647058, 0.7813765182186235, 0.46062992125984253]","[[0, 542, 3, 1], [0, 126, 26, 1], [0, 51, 193, 3], [0, 3, 134, 117]]"
middle_class_guard,me,0.223700,"[0.014373716632443531, 0.9866666666666667, 0.5695364238410596]","[[14, 957, 3], [0, 74, 1], [0, 65, 86]]"
