strategy,task,qwk,macro_recall,balanced,recall_per_class,confusion_matrix
raw_softmax,dr,0.902595,0.724146,0.813371,"[0.9065934065934066, 0.5163398692810458, 0.6153846153846154, 0.8582677165354331]","[[495, 49, 0, 2], [47, 79, 25, 2], [21, 31, 152, 43], [1, 0, 35, 218]]"
raw_softmax,me,0.838790,0.837064,0.837927,"[0.9496919917864476, 0.7866666666666666, 0.7748344370860927]","[[925, 37, 12], [8, 59, 8], [14, 20, 117]]"
calibrated_projection,dr,0.867730,0.663551,0.765640,"[0.8827838827838828, 0.5294117647058824, 0.7813765182186235, 0.46062992125984253]","[[482, 60, 3, 1], [45, 81, 26, 1], [20, 31, 193, 3], [1, 2, 134, 117]]"
calibrated_projection,me,0.828101,0.793250,0.810675,"[0.9568788501026694, 0.8533333333333334, 0.5695364238410596]","[[932, 39, 3], [10, 64, 1], [14, 51, 86]]"
calibrated_middle_guard,dr,0.867730,0.663551,0.765640,"[0.8827838827838828, 0.5294117647058824, 0.7813765182186235, 0.46062992125984253]","[[482, 60, 3, 1], [45, 81, 26, 1], [20, 31, 193, 3], [1, 2, 134, 117]]"
calibrated_middle_guard,me,0.821459,0.792565,0.807012,"[0.9548254620123203, 0.8533333333333334, 0.5695364238410596]","[[930, 39, 5], [9, 64, 2], [14, 51, 86]]"
