{
  "folds": [
    0,
    1,
    2,
    3,
    4
  ],
  "n_folds": 5,
  "qwk_dr": {
    "mean": 0.902763928794109,
    "std": 0.015918522388029228
  },
  "qwk_me": {
    "mean": 0.8385984491018231,
    "std": 0.03866857217511698
  },
  "qwk_mean": {
    "mean": 0.870681188947966,
    "std": 0.01825756608779686
  },
  "macro_recall_dr": {
    "mean": 0.7238084797587683,
    "std": 0.04604683119081874
  },
  "macro_recall_me": {
    "mean": 0.8463050243303073,
    "std": 0.060672386646713906
  },
  "macro_recall": {
    "mean": 0.785056752044538,
    "std": 0.040502031203843734
  },
  "balanced": {
    "mean": 0.8278689704962521,
    "std": 0.02531411996242131
  }
}