{
  "dr": {
    "qwk": 0.18773641250248851,
    "accuracy": 0.44583333333333336,
    "precision_macro": 0.1457264957264957,
    "recall_per_class": [
      0.963302752293578,
      0.06666666666666667,
      0.0,
      0.0
    ]
  },
  "me": {
    "qwk": 0.0,
    "accuracy": 0.7875,
    "precision_macro": 0.2625,
    "recall_per_class": [
      1.0,
      0.0,
      0.0
    ]
  }
}