{
  "folds": [
    0,
    1,
    2,
    3,
    4
  ],
  "n_folds": 5,
  "qwk_dr": {
    "mean": 0.9071500040297187,
    "std": 0.023983613840120464
  },
  "qwk_me": {
    "mean": 0.8786777376460495,
    "std": 0.018221807174560515
  },
  "qwk_mean": {
    "mean": 0.892913870837884,
    "std": 0.00945381056998555
  },
  "macro_recall_dr": {
    "mean": 0.7456730697013935,
    "std": 0.027171180945928568
  },
  "macro_recall_me": {
    "mean": 0.8217131280498664,
    "std": 0.05460963054680293
  },
  "macro_recall": {
    "mean": 0.78369309887563,
    "std": 0.023732791947744424
  },
  "balanced": {
    "mean": 0.838303484856757,
    "std": 0.010475079494740608
  }
}