{
  "dr": {
    "qwk": 0.3847883704120151,
    "accuracy": 0.4583333333333333,
    "precision_macro": 0.2116600133067199,
    "recall_per_class": [
      0.8715596330275229,
      0.0,
      0.30612244897959184,
      0.0
    ]
  },
  "me": {
    "qwk": 0.4669009958992385,
    "accuracy": 0.7708333333333334,
    "precision_macro": 0.36837981265804753,
    "recall_per_class": [
      0.9166666666666666,
      0.75,
      0.0
    ]
  }
}