{
  "dr": {
    "qwk": 0.919276270006959,
    "accuracy": 0.8166666666666667,
    "precision_macro": 0.7648489202508151,
    "recall_per_class": [
      0.8990825688073395,
      0.5806451612903226,
      0.7142857142857143,
      0.8823529411764706
    ]
  },
  "me": {
    "qwk": 0.87468671679198,
    "accuracy": 0.9375,
    "precision_macro": 0.820949074074074,
    "recall_per_class": [
      0.9739583333333334,
      0.8333333333333334,
      0.7777777777777778
    ]
  }
}