strategy,task,qwk,macro_recall,balanced,recall_per_class,confusion_matrix
corn_threshold,dr,0.909529,0.733975,0.821752,"[0.9432234432234432, 0.45751633986928103, 0.7044534412955465, 0.8307086614173228]","[[515, 27, 2, 2], [61, 70, 21, 1], [17, 30, 174, 26], [2, 0, 41, 211]]"
corn_threshold,me,0.873093,0.803950,0.838522,"[0.9774127310061602, 0.6, 0.8344370860927153]","[[952, 14, 8], [19, 45, 11], [13, 12, 126]]"
corn_prob_argmax,dr,0.909204,0.732635,0.820920,"[0.9468864468864469, 0.4444444444444444, 0.708502024291498, 0.8307086614173228]","[[517, 24, 3, 2], [62, 68, 22, 1], [17, 28, 175, 27], [2, 0, 41, 211]]"
corn_prob_argmax,me,0.867157,0.780860,0.824008,"[0.9815195071868583, 0.52, 0.8410596026490066]","[[956, 10, 8], [23, 39, 13], [15, 9, 127]]"
