{
    "dr_qwk_mean":  0.90962525240499537,
    "dr_acc_mean":  0.80833333333333335,
    "dr_precision_macro_mean":  0.76053801519937969,
    "me_qwk_mean":  0.872727173492162,
    "me_acc_mean":  0.93583333333333329,
    "me_precision_macro_mean":  0.82247919013922333
}
