qwk_dr,recall_dr,macro_recall_dr,qwk_me,recall_me,macro_recall_me,qwk_mean,macro_recall,balanced,epoch,best_metric,best_metric_name,fold,resize,device,train_size,val_size,output_dir,log_dir,checkpoint_path
0.9238122619133184,"[0.9541284403669725, 0.5161290322580645, 0.7755102040816326, 0.7450980392156863]",0.747716428980589,0.8549723756906078,"[0.9802955665024631, 0.6, 0.8148148148148148]",0.7983701271057594,0.8893923188019631,0.7730432780431742,0.8312177984225686,62,0.8312177984225686,balanced,0,True,cuda,960,240,checkpoints\stage2_cv\fold_0,runs\stage2_cv\fold_0,checkpoints\stage2_cv\fold_0\best_qwk.pth
0.8988243676522978,"[0.926605504587156, 0.3548387096774194, 0.6938775510204082, 0.7843137254901961]",0.6899088726937949,0.8701298701298701,"[0.9895833333333334, 0.75, 0.7222222222222222]",0.820601851851852,0.8844771188910839,0.7552553622728234,0.8198662405819537,43,0.8198662405819537,balanced,1,True,cuda,960,240,checkpoints\stage2_cv\fold_1,runs\stage2_cv\fold_1,checkpoints\stage2_cv\fold_1\best_qwk.pth
0.8966684897075765,"[0.926605504587156, 0.3870967741935484, 0.66, 0.9]",0.7184255696951761,0.8981324278438031,"[0.9642857142857143, 0.6, 0.9166666666666666]",0.826984126984127,0.8974004587756899,0.7727048483396516,0.8350526535576708,29,0.8350526535576708,balanced,2,True,cuda,960,240,checkpoints\stage2_cv\fold_2,runs\stage2_cv\fold_2,checkpoints\stage2_cv\fold_2\best_qwk.pth
0.926999613940266,"[0.9541284403669725, 0.5333333333333333, 0.76, 0.8823529411764706]",0.7824536787191941,0.8798837584759445,"[0.9841269841269841, 0.25, 0.8857142857142857]",0.7066137566137566,0.9034416862081052,0.7445337176664754,0.8239877019372903,59,0.8239877019372903,balanced,3,True,cuda,960,240,checkpoints\stage2_cv\fold_3,runs\stage2_cv\fold_3,checkpoints\stage2_cv\fold_3\best_qwk.pth
0.9018215288115178,"[0.9545454545454546, 0.5, 0.6326530612244898, 0.8431372549019608]",0.7325839426679763,0.8605174353205849,"[0.9690721649484536, 0.8235294117647058, 0.8620689655172413]",0.8848901807434668,0.8811694820660514,0.8087370617057216,0.8449532718858865,64,0.8449532718858865,balanced,4,True,cuda,960,240,checkpoints\stage2_cv\fold_4,runs\stage2_cv\fold_4,checkpoints\stage2_cv\fold_4\best_qwk.pth
