{
  "folds": [
    0,
    1,
    2,
    3,
    4
  ],
  "n_folds": 5,
  "qwk_dr": {
    "mean": 0.9096252524049954,
    "std": 0.01456515182300908
  },
  "qwk_me": {
    "mean": 0.872727173492162,
    "std": 0.01708581424201078
  },
  "qwk_mean": {
    "mean": 0.8911762129485787,
    "std": 0.009183924445318655
  },
  "macro_recall_dr": {
    "mean": 0.7342176985513461,
    "std": 0.034366619148984964
  },
  "macro_recall_me": {
    "mean": 0.8074920086597924,
    "std": 0.06481110662173126
  },
  "macro_recall": {
    "mean": 0.7708548536055692,
    "std": 0.02438964790409631
  },
  "balanced": {
    "mean": 0.8310155332770741,
    "std": 0.009801746653257526
  }
}