{
  "dr": {
    "qwk": 0.926999613940266,
    "accuracy": 0.8458333333333333,
    "precision_macro": 0.8085915340712556,
    "recall_per_class": [
      0.9541284403669725,
      0.5333333333333333,
      0.76,
      0.8823529411764706
    ]
  },
  "me": {
    "qwk": 0.8798837584759445,
    "accuracy": 0.9208333333333333,
    "precision_macro": 0.7750210842994347,
    "recall_per_class": [
      0.9841269841269841,
      0.25,
      0.8857142857142857
    ]
  }
}