{
  "dr": {
    "qwk": 0.9210167300926259,
    "accuracy": 0.8208333333333333,
    "precision_macro": 0.7859472516730581,
    "recall_per_class": [
      0.9357798165137615,
      0.6129032258064516,
      0.7346938775510204,
      0.7843137254901961
    ]
  },
  "me": {
    "qwk": 0.7784706268460782,
    "accuracy": 0.9125,
    "precision_macro": 0.7343679712100766,
    "recall_per_class": [
      0.9359605911330049,
      0.8,
      0.7777777777777778
    ]
  }
}