{
  "folds": [
    0,
    1,
    2,
    3,
    4
  ],
  "n_folds": 5,
  "qwk_dr": {
    "mean": 0.9034258332593114,
    "std": 0.012410964216232006
  },
  "qwk_me": {
    "mean": 0.8415959415982496,
    "std": 0.013292467732677183
  },
  "qwk_mean": {
    "mean": 0.8725108874287806,
    "std": 0.011709613772521098
  },
  "macro_recall_dr": {
    "mean": 0.756570147324985,
    "std": 0.024882998981146102
  },
  "macro_recall_me": {
    "mean": 0.8274634660878084,
    "std": 0.020524574563650897
  },
  "macro_recall": {
    "mean": 0.7920168067063967,
    "std": 0.015732477133774535
  },
  "balanced": {
    "mean": 0.8322638470675885,
    "std": 0.007894983178428737
  }
}