{
  "dr": {
    "qwk": 0.9142565498468866,
    "accuracy": 0.8333333333333334,
    "precision_macro": 0.8154886097509049,
    "recall_per_class": [
      0.963302752293578,
      0.5483870967741935,
      0.66,
      0.9
    ]
  },
  "me": {
    "qwk": 0.8849424712356178,
    "accuracy": 0.9416666666666667,
    "precision_macro": 0.8615039281705948,
    "recall_per_class": [
      0.9795918367346939,
      0.6,
      0.9166666666666666
    ]
  }
}