{
  "dr": {
    "qwk": 0.8988243676522978,
    "accuracy": 0.775,
    "precision_macro": 0.7148855984083257,
    "recall_per_class": [
      0.926605504587156,
      0.3548387096774194,
      0.6938775510204082,
      0.7843137254901961
    ]
  },
  "me": {
    "qwk": 0.8701298701298701,
    "accuracy": 0.9375,
    "precision_macro": 0.8299766560130349,
    "recall_per_class": [
      0.9895833333333334,
      0.75,
      0.7222222222222222
    ]
  }
}