qwk_dr,recall_dr,macro_recall_dr,qwk_me,recall_me,macro_recall_me,qwk_mean,macro_recall,balanced,epoch,best_metric,best_metric_name,fold,resize,device,train_size,val_size,output_dir,log_dir,checkpoint_path
0.9216245101531885,"[0.9724770642201835, 0.45161290322580644, 0.7142857142857143, 0.7647058823529411]",0.7257703910211614,0.8587203637544657,"[0.9655172413793104, 0.4, 0.8518518518518519]",0.739123031077054,0.8901724369538271,0.7324467110491077,0.8113095740014674,33,0.8901724369538271,qwk_mean,0,True,cuda,960,240,checkpoints\stage2_cv_ablate_qwkmean\fold_0,runs\stage2_cv_ablate_qwkmean\fold_0,checkpoints\stage2_cv_ablate_qwkmean\fold_0\best_qwk.pth
0.8986040697270644,"[0.8899082568807339, 0.41935483870967744, 0.6938775510204082, 0.8431372549019608]",0.7115694753781951,0.8711018711018711,"[0.9895833333333334, 0.5833333333333334, 0.75]",0.7743055555555557,0.8848529704144678,0.7429375154668754,0.8138952429406716,48,0.8848529704144678,qwk_mean,1,True,cuda,960,240,checkpoints\stage2_cv_ablate_qwkmean\fold_1,runs\stage2_cv_ablate_qwkmean\fold_1,checkpoints\stage2_cv_ablate_qwkmean\fold_1\best_qwk.pth
0.8921943231441047,"[0.944954128440367, 0.3548387096774194, 0.64, 0.92]",0.7149482095294466,0.9065420560747663,"[0.9795918367346939, 0.6, 0.875]",0.8181972789115646,0.8993681896094355,0.7665727442205056,0.8329704669149706,33,0.8993681896094355,qwk_mean,2,True,cuda,960,240,checkpoints\stage2_cv_ablate_qwkmean\fold_2,runs\stage2_cv_ablate_qwkmean\fold_2,checkpoints\stage2_cv_ablate_qwkmean\fold_2\best_qwk.pth
0.9135589617628304,"[0.926605504587156, 0.5333333333333333, 0.66, 0.8627450980392157]",0.7456709839899263,0.88007443655662,"[0.9894179894179894, 0.375, 0.7714285714285715]",0.7119488536155202,0.8968166991597252,0.7288099188027233,0.8128133089812242,53,0.8968166991597252,qwk_mean,3,True,cuda,960,240,checkpoints\stage2_cv_ablate_qwkmean\fold_3,runs\stage2_cv_ablate_qwkmean\fold_3,checkpoints\stage2_cv_ablate_qwkmean\fold_3\best_qwk.pth
0.8983810043789765,"[0.9181818181818182, 0.4, 0.5102040816326531, 0.9019607843137255]",0.6825866710320492,0.8754325259515571,"[0.9742268041237113, 0.8235294117647058, 0.8620689655172413]",0.886608393801886,0.8869067651652668,0.7845975324169676,0.8357521487911173,43,0.8869067651652668,qwk_mean,4,True,cuda,960,240,checkpoints\stage2_cv_ablate_qwkmean\fold_4,runs\stage2_cv_ablate_qwkmean\fold_4,checkpoints\stage2_cv_ablate_qwkmean\fold_4\best_qwk.pth
