{
  "folds": [
    0,
    1,
    2,
    3,
    4
  ],
  "n_folds": 5,
  "qwk_dr": {
    "mean": 0.9048725738332329,
    "std": 0.012229609192204054
  },
  "qwk_me": {
    "mean": 0.878374250687856,
    "std": 0.017636130621259394
  },
  "qwk_mean": {
    "mean": 0.8916234122605445,
    "std": 0.006267830106071396
  },
  "macro_recall_dr": {
    "mean": 0.7161091461901558,
    "std": 0.02298344312500627
  },
  "macro_recall_me": {
    "mean": 0.7860366225923161,
    "std": 0.06887758977663892
  },
  "macro_recall": {
    "mean": 0.7510728843912359,
    "std": 0.02383750132500237
  },
  "balanced": {
    "mean": 0.8213481483258903,
    "std": 0.01195528935843445
  }
}