{
  "folds": [
    0,
    1,
    2,
    3,
    4
  ],
  "n_folds": 5,
  "binary_balanced": {
    "mean": 0.9335558303587771,
    "std": 0.01251550560502078
  },
  "binary_sensitivity": {
    "mean": 0.9150908289196054,
    "std": 0.026162993325634234
  },
  "binary_specificity": {
    "mean": 0.952020831797949,
    "std": 0.009523091263029181
  },
  "sensitivity_dr": {
    "mean": 0.8883852025836759,
    "std": 0.028326692043019835
  },
  "specificity_dr": {
    "mean": 0.9524103419516263,
    "std": 0.013431948360961581
  },
  "fpr_dr": {
    "mean": 0.047589658048373645,
    "std": 0.013431948360961565
  },
  "fnr_dr": {
    "mean": 0.11161479741632414,
    "std": 0.02832669204301983
  },
  "sensitivity_me": {
    "mean": 0.9417964552555345,
    "std": 0.025203226052910983
  },
  "specificity_me": {
    "mean": 0.9516313216442718,
    "std": 0.007729819000571367
  },
  "fpr_me": {
    "mean": 0.04836867835572828,
    "std": 0.007729819000571328
  },
  "fnr_me": {
    "mean": 0.058203544744465464,
    "std": 0.025203226052910994
  }
}