{
  "dr": {
    "qwk": 0.8898872655337607,
    "accuracy": 0.7625,
    "precision_macro": 0.7202639160237094,
    "recall_per_class": [
      0.8256880733944955,
      0.6129032258064516,
      0.58,
      0.9
    ]
  },
  "me": {
    "qwk": 0.8706099815157117,
    "accuracy": 0.9333333333333333,
    "precision_macro": 0.8131205673758864,
    "recall_per_class": [
      0.9489795918367347,
      0.7,
      1.0
    ]
  }
}