{
  "dr": {
    "qwk": 0.890721045955703,
    "accuracy": 0.7708333333333334,
    "precision_macro": 0.7067866697535627,
    "recall_per_class": [
      0.9545454545454546,
      0.3333333333333333,
      0.46938775510204084,
      0.9215686274509803
    ]
  },
  "me": {
    "qwk": 0.8300803673938002,
    "accuracy": 0.9208333333333333,
    "precision_macro": 0.8023547356880689,
    "recall_per_class": [
      0.9381443298969072,
      0.9411764705882353,
      0.7931034482758621
    ]
  }
}