{
  "dr": {
    "qwk": 0.9238122619133184,
    "accuracy": 0.8166666666666667,
    "precision_macro": 0.7792567319685964,
    "recall_per_class": [
      0.9541284403669725,
      0.5161290322580645,
      0.7755102040816326,
      0.7450980392156863
    ]
  },
  "me": {
    "qwk": 0.8549723756906078,
    "accuracy": 0.9458333333333333,
    "precision_macro": 0.8275620280474648,
    "recall_per_class": [
      0.9802955665024631,
      0.6,
      0.8148148148148148
    ]
  }
}