"fold","dr_qwk","dr_acc","dr_precision_macro","me_qwk","me_acc","me_precision_macro"
"0","0.923812261913318","0.816666666666667","0.779256731968596","0.854972375690608","0.945833333333333","0.827562028047465"
"1","0.898824367652298","0.775","0.714885598408326","0.87012987012987","0.9375","0.829976656013035"
"2","0.896668489707577","0.795833333333333","0.739367271298763","0.898132427843803","0.929166666666667","0.816410256410256"
"3","0.926999613940266","0.845833333333333","0.808591534071256","0.879883758475944","0.920833333333333","0.775021084299435"
"4","0.901821528811518","0.808333333333333","0.760588940249957","0.860517435320585","0.945833333333333","0.863425925925926"
