{
  "dr": {
    "qwk": 0.9160679991464542,
    "accuracy": 0.8041666666666667,
    "precision_macro": 0.7515285340559518,
    "recall_per_class": [
      0.944954128440367,
      0.45161290322580644,
      0.7346938775510204,
      0.7843137254901961
    ]
  },
  "me": {
    "qwk": 0.8754962107542403,
    "accuracy": 0.9541666666666667,
    "precision_macro": 0.8532994782994784,
    "recall_per_class": [
      0.9950738916256158,
      0.7,
      0.7407407407407407
    ]
  }
}