{
    "dr_qwk_mean":  0.6609286107761877,
    "dr_acc_mean":  0.6675,
    "dr_precision_macro_mean":  0.53448755164448036,
    "me_qwk_mean":  0.61707081965990473,
    "me_acc_mean":  0.87916666666666676,
    "me_precision_macro_mean":  0.63943658723252861
}
