"fold","dr_qwk","dr_acc","dr_precision_macro","me_qwk","me_acc","me_precision_macro"
"0","0.916067999146454","0.804166666666667","0.751528534055952","0.87549621075424","0.954166666666667","0.853299478299478"
"1","0.384788370412015","0.458333333333333","0.21166001330672","0.466900995899239","0.770833333333333","0.368379812658048"
"2","0.914256549846887","0.833333333333333","0.815488609750905","0.884942471235618","0.941666666666667","0.861503928170595"
"3","0.187736412502489","0.445833333333333","0.145726495726496","0","0.7875","0.2625"
"4","0.901793721973094","0.795833333333333","0.748034105382329","0.858014420410427","0.941666666666667","0.851499717034522"
