qwk_dr,recall_dr,macro_recall_dr,qwk_me,recall_me,macro_recall_me,qwk_mean,macro_recall,balanced,epoch,best_metric,best_metric_name,fold,resize,device,train_size,val_size,output_dir,log_dir,checkpoint_path
0.9160679991464542,"[0.944954128440367, 0.45161290322580644, 0.7346938775510204, 0.7843137254901961]",0.7288936586768474,0.8754962107542403,"[0.9950738916256158, 0.7, 0.7407407407407407]",0.8119382107887855,0.8957821049503473,0.7704159347328164,0.8330990198415819,41,0.8330990198415819,balanced,0,True,cuda,960,240,checkpoints\stage2_cv_ablate_drw0\fold_0,runs\stage2_cv_ablate_drw0\fold_0,checkpoints\stage2_cv_ablate_drw0\fold_0\best_qwk.pth
0.3847883704120151,"[0.8715596330275229, 0.0, 0.30612244897959184, 0.0]",0.2944205205017787,0.4669009958992385,"[0.9166666666666666, 0.75, 0.0]",0.5555555555555555,0.4258446831556268,0.4249880380286671,0.42541636059214694,3,0.42541636059214694,balanced,1,True,cuda,960,240,checkpoints\stage2_cv_ablate_drw0\fold_1,runs\stage2_cv_ablate_drw0\fold_1,checkpoints\stage2_cv_ablate_drw0\fold_1\best_qwk.pth
0.9142565498468866,"[0.963302752293578, 0.5483870967741935, 0.66, 0.9]",0.7679224622669428,0.8849424712356178,"[0.9795918367346939, 0.6, 0.9166666666666666]",0.8320861678004534,0.8995995105412522,0.8000043150336982,0.8498019127874752,44,0.8498019127874752,balanced,2,True,cuda,960,240,checkpoints\stage2_cv_ablate_drw0\fold_2,runs\stage2_cv_ablate_drw0\fold_2,checkpoints\stage2_cv_ablate_drw0\fold_2\best_qwk.pth
0.18773641250248851,"[0.963302752293578, 0.06666666666666667, 0.0, 0.0]",0.25749235474006116,0.0,"[1.0, 0.0, 0.0]",0.3333333333333333,0.09386820625124426,0.2954128440366972,0.19464052514397073,1,0.19464052514397073,balanced,3,True,cuda,960,240,checkpoints\stage2_cv_ablate_drw0\fold_3,runs\stage2_cv_ablate_drw0\fold_3,checkpoints\stage2_cv_ablate_drw0\fold_3\best_qwk.pth
0.9017937219730942,"[0.9545454545454546, 0.4666666666666667, 0.5714285714285714, 0.8627450980392157]",0.7138464476699771,0.8580144204104271,"[0.9587628865979382, 0.8235294117647058, 0.896551724137931]",0.8929480075001917,0.8799040711917606,0.8033972275850844,0.8416506493884225,60,0.8416506493884225,balanced,4,True,cuda,960,240,checkpoints\stage2_cv_ablate_drw0\fold_4,runs\stage2_cv_ablate_drw0\fold_4,checkpoints\stage2_cv_ablate_drw0\fold_4\best_qwk.pth
