{
  "folds": [
    0,
    1,
    2,
    3,
    4
  ],
  "n_folds": 5,
  "qwk_dr": {
    "mean": 0.6609286107761877,
    "std": 0.3490886144158595
  },
  "qwk_me": {
    "mean": 0.6170708196599047,
    "std": 0.3872725447494451
  },
  "qwk_mean": {
    "mean": 0.6389997152180462,
    "std": 0.3655433584023214
  },
  "macro_recall_dr": {
    "mean": 0.5525150887711214,
    "std": 0.25356890760097583
  },
  "macro_recall_me": {
    "mean": 0.6851722549956639,
    "std": 0.23527387457112547
  },
  "macro_recall": {
    "mean": 0.6188436718833927,
    "std": 0.24085309401836671
  },
  "balanced": {
    "mean": 0.6289216935507195,
    "std": 0.30238411592231174
  }
}