{
  "dr": {
    "qwk": 0.8929183323814963,
    "accuracy": 0.7625,
    "precision_macro": 0.696035210453284,
    "recall_per_class": [
      0.9174311926605505,
      0.43333333333333335,
      0.58,
      0.803921568627451
    ]
  },
  "me": {
    "qwk": 0.8327683615819209,
    "accuracy": 0.8833333333333333,
    "precision_macro": 0.7573170030475533,
    "recall_per_class": [
      0.9523809523809523,
      0.6875,
      0.6
    ]
  }
}