{
  "dr": {
    "qwk": 0.9017937219730942,
    "accuracy": 0.7958333333333333,
    "precision_macro": 0.7480341053823294,
    "recall_per_class": [
      0.9545454545454546,
      0.4666666666666667,
      0.5714285714285714,
      0.8627450980392157
    ]
  },
  "me": {
    "qwk": 0.8580144204104271,
    "accuracy": 0.9416666666666667,
    "precision_macro": 0.8514997170345219,
    "recall_per_class": [
      0.9587628865979382,
      0.8235294117647058,
      0.896551724137931
    ]
  }
}