{
  "dr": {
    "qwk": 0.8966684897075765,
    "accuracy": 0.7958333333333333,
    "precision_macro": 0.7393672712987635,
    "recall_per_class": [
      0.926605504587156,
      0.3870967741935484,
      0.66,
      0.9
    ]
  },
  "me": {
    "qwk": 0.8981324278438031,
    "accuracy": 0.9291666666666667,
    "precision_macro": 0.8164102564102564,
    "recall_per_class": [
      0.9642857142857143,
      0.6,
      0.9166666666666666
    ]
  }
}