{
  "dr": {
    "qwk": 0.9018215288115178,
    "accuracy": 0.8083333333333333,
    "precision_macro": 0.7605889402499572,
    "recall_per_class": [
      0.9545454545454546,
      0.5,
      0.6326530612244898,
      0.8431372549019608
    ]
  },
  "me": {
    "qwk": 0.8605174353205849,
    "accuracy": 0.9458333333333333,
    "precision_macro": 0.8634259259259259,
    "recall_per_class": [
      0.9690721649484536,
      0.8235294117647058,
      0.8620689655172413
    ]
  }
}